row,contract_status,level,category,contract_code,contract_name,planning_code,planning_name,dev_rr,zerost_rr,opinion,client_feedback,extra_opinion,extracted_codes
753,1,1,[기획] D04-수업관리,,,CLS-12,대기열 관리 (만석 수업 자리 배분),Z,,,,,CLS-12
754,,2,[기획] D04-수업관리,,,CLS-12-01,수업 선택,Z,,,,,CLS-12-01
755,,2,[기획] D04-수업관리,,,CLS-12-02,대기자 목록,Z,,,,,CLS-12-02
756,,2,[기획] D04-수업관리,,,CLS-12-03,자동 배정,Z,,,,,CLS-12-03
757,,2,[기획] D04-수업관리,,,CLS-12-04,수동 배정,Z,,,,,CLS-12-04
758,,2,[기획] D04-수업관리,,,CLS-12-05,대기 취소,Z,,,,,CLS-12-05
759,,2,[기획] D04-수업관리,,,CLS-12-06,알림 발송,Z,,,,,CLS-12-06
760,,2,[기획] D04-수업관리,,,CLS-12-07,순번 조정,Z,,,,,CLS-12-07
761,2,1,[기획] D05-상품관리,,,PRD-04,할인 설정 (정률·정액 + 변경 이력),Z,,,,,PRD-04
762,,2,[기획] D05-상품관리,,,PRD-04-01,할인 목록,Z,,,,,PRD-04-01
763,,2,[기획] D05-상품관리,,,PRD-04-02,할인 추가,Z,,,,,PRD-04-02
764,,2,[기획] D05-상품관리,,,PRD-04-03,할인 수정,Z,,,,,PRD-04-03
765,,2,[기획] D05-상품관리,,,PRD-04-04,할인 삭제,Z,,,,,PRD-04-04
766,,2,[기획] D05-상품관리,,,PRD-04-05,변경 이력,Z,,,,,PRD-04-05
767,,2,[기획] D05-상품관리,,,PRD-04-06,활성/비활성,Z,,,,,PRD-04-06
768,,2,[기획] D05-상품관리,,,PRD-04-07,자동 적용,Z,,,,,PRD-04-07
769,,1,[기획] D05-상품관리,,,PRD-08,시즌 가격 관리 (기간 한정 특별가),Z,,,,,PRD-08
770,,2,[기획] D05-상품관리,,,PRD-08-01,시즌 특가 목록,Z,,,,,PRD-08-01
771,,2,[기획] D05-상품관리,,,PRD-08-02,달력 뷰,Z,,,,,PRD-08-02
772,,2,[기획] D05-상품관리,,,PRD-08-03,시즌 특가 등록,Z,,,,,PRD-08-03
773,,2,[기획] D05-상품관리,,,PRD-08-04,시즌 특가 수정,Z,,,,,PRD-08-04
774,,2,[기획] D05-상품관리,,,PRD-08-05,시즌 특가 삭제,Z,,,,,PRD-08-05
775,,2,[기획] D05-상품관리,,,PRD-08-06,자동 적용,Z,,,,,PRD-08-06
776,,2,[기획] D05-상품관리,,,PRD-08-07,중복 검증,Z,,,,,PRD-08-07
777,,2,[기획] D05-상품관리,,,PRD-08-08,카탈로그 / 키오스크 강조,Z,,,,,PRD-08-08
778,3,1,[기획] D06-시설관리,,,FAC-01,락커 관리 (구역 그리드 + 일괄 처리),"Z: 관리 기능 개발
P: 락커 API 제공",,,,,FAC-01
779,,2,[기획] D06-시설관리,,,FAC-01-01,현황 요약 카드,Z,,,,,FAC-01-01
780,,2,[기획] D06-시설관리,,,FAC-01-02,구역 탭,Z,,,,,FAC-01-02
781,,2,[기획] D06-시설관리,,,FAC-01-03,그리드,Z,,,,,FAC-01-03
782,,2,[기획] D06-시설관리,,,FAC-01-04,검색,Z,,,,,FAC-01-04
783,,2,[기획] D06-시설관리,,,FAC-01-05,개별 배정,Z,,,,,FAC-01-05
784,,2,[기획] D06-시설관리,,,FAC-01-06,회수,Z,,,,,FAC-01-06
785,,2,[기획] D06-시설관리,,,FAC-01-07,이동,Z,,,,,FAC-01-07
786,,2,[기획] D06-시설관리,,,FAC-01-08,고장 처리,Z,,,,,FAC-01-08
787,,2,[기획] D06-시설관리,,,FAC-01-09,기록 조회,Z,,,,,FAC-01-09
788,,2,[기획] D06-시설관리,,,FAC-01-10,일괄 해제,Z,,,,,FAC-01-10
789,,2,[기획] D06-시설관리,,,FAC-01-11,일괄 배정,Z,,,,,FAC-01-11
790,,2,[기획] D06-시설관리,,,FAC-01-12,엑셀 다운로드,Z,,,,,FAC-01-12
791,,1,[기획] D06-시설관리,,,FAC-EXT-01,"옷 락커 / 고정 물품 락커 (분리 운영)
> 락커 관리 상세","Z: 관리 기능 개발
P: 락커 API 제공",,,,,FAC-EXT-01
792,,2,[기획] D06-시설관리,,,FAC-EXT-01-01,"락커 유형 탭
(일일 락커 / 고정용 유료 락커 / 골프 락커 / 골프 고정용 유료 락커)",Z,,,,,FAC-EXT-01-01
793,,2,[기획] D06-시설관리,,,FAC-EXT-01-02,"락커 배정·회수 운영
(회원 배정, 회수, 만료, 일괄 해제 등 공통 운영)",Z,,,,,FAC-EXT-01-02
794,,2,[기획] D06-시설관리,,,FAC-EXT-01-03,"유료·계약 락커 운영
(상품 결제, 기간 연장, 만료 예정, 회수 대기)",Z,,,,,FAC-EXT-01-03
795,,2,[기획] D06-시설관리,,,FAC-EXT-01-04,"검색 / 필터
(락커 번호, 회원, 유형, 상태 필터)",Z,,,,,FAC-EXT-01-04
796,,2,[기획] D06-시설관리,,,FAC-EXT-01-05,"엑셀 다운로드
(유형별/필터별 현황 다운로드)",Z,,,,,FAC-EXT-01-05
797,,1,[기획] D11-통합운영,,,IoT-04,옷 락커 운영 관리,"Z: 관리 기능 개발
P: API 제공",,,,,IOT-04
798,,2,[기획] D11-통합운영,,,IoT-04-01,옷 락커 현황 카드,Z,,,,,IOT-04-01
799,,2,[기획] D11-통합운영,,,IoT-04-02,옷 락커 그리드,Z,,,,,IOT-04-02
800,,2,[기획] D11-통합운영,,,IoT-04-03,미배정 회원 패널,Z,,,,,IOT-04-03
801,,2,[기획] D11-통합운영,,,IoT-04-04,옷 락커 배정 (DLG-I002),Z,,,,,IOT-04-04
802,,2,[기획] D11-통합운영,,,IoT-04-05,옷 락커 회수·고장,Z,,,,,IOT-04-05
803,,2,[기획] D11-통합운영,,,IoT-04-06,고정 락커 현황 카드,Z,,,,,IOT-04-06
804,,2,[기획] D11-통합운영,,,IoT-04-07,고정 락커 유형 탭,Z,,,,,IOT-04-07
805,,2,[기획] D11-통합운영,,,IoT-04-08,고정 락커 배정,Z,,,,,IOT-04-08
806,,2,[기획] D11-통합운영,,,IoT-04-09,고정 락커 연장·회수,Z,,,,,IOT-04-09
807,,2,[기획] D11-통합운영,,,IoT-04-10,검색·필터·내보내기,Z,,,,,IOT-04-10
808,,1,[기획] D06-시설관리,,,FAC-02,사물함 배정 관리 (단기 보관용 빠른 배정),"Z: 관리 기능 개발
P: 락커 API 제공",,,,,FAC-02
809,,2,[기획] D06-시설관리,,,FAC-02-01,현황 요약 카드,Z,,,,,FAC-02-01
810,,2,[기획] D06-시설관리,,,FAC-02-02,유형 탭,Z,,,,,FAC-02-02
811,,2,[기획] D06-시설관리,,,FAC-02-03,회원 배정 패널,Z,,,,,FAC-02-03
812,,2,[기획] D06-시설관리,,,FAC-02-04,사물함 그리드,Z,,,,,FAC-02-04
813,,2,[기획] D06-시설관리,,,FAC-02-05,배정 처리,Z,,,,,FAC-02-05
814,,2,[기획] D06-시설관리,,,FAC-02-06,일괄 해제,Z,,,,,FAC-02-06
815,,2,[기획] D06-시설관리,,,FAC-02-07,사물함 추가,Z,,,,,FAC-02-07
816,,2,[기획] D06-시설관리,,,FAC-02-08,엑셀 다운로드,Z,,,,,FAC-02-08
817,,1,[기획] D06-시설관리,,,FAC-03,밴드 / 카드 관리 (RFID 발급·매핑),"Z: 관리 기능 개발
P: API 제공",,,,,FAC-03
818,,2,[기획] D06-시설관리,,,FAC-03-01,현황 요약,Z,,,,,FAC-03-01
819,,2,[기획] D06-시설관리,,,FAC-03-02,검색 / 필터,Z,,,,,FAC-03-02
820,,2,[기획] D06-시설관리,,,FAC-03-03,카드 목록,Z,,,,,FAC-03-03
821,,2,[기획] D06-시설관리,,,FAC-03-04,신규 등록,Z,,,,,FAC-03-04
822,,2,[기획] D06-시설관리,,,FAC-03-05,수정,Z,,,,,FAC-03-05
823,,2,[기획] D06-시설관리,,,FAC-03-06,분실 처리,Z,,,,,FAC-03-06
824,,2,[기획] D06-시설관리,,,FAC-03-07,이력 조회,Z,,,,,FAC-03-07
825,,2,[기획] D06-시설관리,,,FAC-03-08,삭제,Z,,,,,FAC-03-08
826,,1,[기획] D06-시설관리,,,FAC-04,운동룸 관리 (룸 현황 + 예약 슬롯),"Z: 관리 기능 개발
P: API 제공",,,,,FAC-04
827,,2,[기획] D06-시설관리,,,FAC-04-01,현황 요약,Z,,,,,FAC-04-01
828,,2,[기획] D06-시설관리,,,FAC-04-02,뷰 전환,Z,,,,,FAC-04-02
829,,2,[기획] D06-시설관리,,,FAC-04-03,유형 필터,Z,,,,,FAC-04-03
830,,2,[기획] D06-시설관리,,,FAC-04-04,카드 정보,Z,,,,,FAC-04-04
831,,2,[기획] D06-시설관리,,,FAC-04-05,예약 슬롯 바,Z,,,,,FAC-04-05
832,,2,[기획] D06-시설관리,,,FAC-04-06,룸 등록,Z,,,,,FAC-04-06
833,,2,[기획] D06-시설관리,,,FAC-04-07,룸 수정,Z,,,,,FAC-04-07
834,,2,[기획] D06-시설관리,,,FAC-04-08,룸 삭제,Z,,,,,FAC-04-08
835,,2,[기획] D06-시설관리,,,FAC-04-09,운영 상태 전환,Z,,,,,FAC-04-09
836,,1,[기획] D06-시설관리,,,FAC-05,골프 타석 관리 (실시간 이용 + 대기열),"Z: 관리 기능 개발
P: API 제공",,,,,FAC-05
837,,2,[기획] D06-시설관리,,,FAC-05-01,현황 요약,Z,,,,,FAC-05-01
838,,2,[기획] D06-시설관리,,,FAC-05-02,타석 그리드,Z,,,,,FAC-05-02
839,,2,[기획] D06-시설관리,,,FAC-05-03,이용 시작,Z / P,,,,,FAC-05-03
840,,2,[기획] D06-시설관리,,,FAC-05-04,이용 종료,Z / P,,,,,FAC-05-04
841,,2,[기획] D06-시설관리,,,FAC-05-05,타석 이동,Z / P,,,,,FAC-05-05
842,,2,[기획] D06-시설관리,,,FAC-05-06,점검 처리,Z,,,,,FAC-05-06
843,,2,[기획] D06-시설관리,,,FAC-05-07,프로젝터 제어,Z / P,,,,,FAC-05-07
844,,2,[기획] D06-시설관리,,,FAC-05-08,시간 종료 알림,Z,,,,,FAC-05-08
845,,2,[기획] D06-시설관리,,,FAC-05-09,대기열,Z,,,,,FAC-05-09
846,,1,[기획] D11-통합운영,,,IoT-03,IoT 연동 관리,"Z: 관리 기능 개발
P: API 제공",,,,,IOT-03
847,,2,[기획] D11-통합운영,,,IoT-03-01,게이트 관리,,,,,,IOT-03-01
848,,2,[기획] D11-통합운영,,,IoT-03-02,IoT 기기,"Z: 관리 기능 개발
P: API 제공",,,,,IOT-03-02
849,,2,[기획] D11-통합운영,,,IoT-03-03,출입 로그,,,,,,IOT-03-03
850,,2,[기획] D11-통합운영,,,IoT-03-04,출입 규칙,,,,,,IOT-03-04
851,,2,[기획] D11-통합운영,,,IoT-03-05,자동 전원,"Z: 관리 기능 개발
P: API 제공",,,,,IOT-03-05
852,,2,[기획] D11-통합운영,,,IoT-03-06,기기 등록·삭제,"Z: 관리 기능 개발
P: API 제공",,,,,IOT-03-06
853,,2,[기획] D11-통합운영,,,IoT-03-07,원격 제어,"Z: 관리 기능 개발
P: API 제공",,,,,IOT-03-07
854,,2,[기획] D11-통합운영,,,IoT-03-08,"외부 연동(인바디.키오스크,heart beat)","Z: 관리 기능 개발
P: API 제공",,,,,IOT-03-08
855,4,1,[기획] D09-설정관리,,,SET-EXT-04,공지사항 관리 (게시 대상·기간·중요 표시),Z,,,,,SET-EXT-04
856,,2,[기획] D09-설정관리,,,SET-EXT-04-01,공지 목록,Z,,,,,SET-EXT-04-01
857,,2,[기획] D09-설정관리,,,SET-EXT-04-02,상태 필터,Z,,,,,SET-EXT-04-02
858,,2,[기획] D09-설정관리,,,SET-EXT-04-03,검색,Z,,,,,SET-EXT-04-03
859,,2,[기획] D09-설정관리,,,SET-EXT-04-04,공지 등록,Z,,,,,SET-EXT-04-04
860,,2,[기획] D09-설정관리,,,SET-EXT-04-05,공지 수정,Z,,,,,SET-EXT-04-05
861,,2,[기획] D09-설정관리,,,SET-EXT-04-06,공지 삭제,Z,,,,,SET-EXT-04-06
862,,2,[기획] D09-설정관리,,,SET-EXT-04-07,미리보기,Z,,,,,SET-EXT-04-07
863,,2,[기획] D09-설정관리,,,SET-EXT-04-08,자동 게시 처리,Z,,,,,SET-EXT-04-08
864,,1,[기획],,,,커뮤니티 운영(기획 진행중),Z,,,,,
865,5,1,[기획] D09-설정관리,,,IoT-01,키오스크 설정 (출석 방식 + 화면 + 기능),"Z: 관리 기능 개발
P: API 제공",,,,,IOT-01
866,,2,[기획] D09-설정관리,,,IoT-01-01,출석 방식,Z,,,,,IOT-01-01
867,,2,[기획] D09-설정관리,,,IoT-01-02,화면 구성,Z,,,,,IOT-01-02
868,,2,[기획] D09-설정관리,,,IoT-01-03,기능 표시,Z,,,,,IOT-01-03
869,,2,[기획] D09-설정관리,,,IoT-01-04,미리보기,Z,,,,,IOT-01-04
870,,2,[기획] D09-설정관리,,,IoT-01-05,저장,Z,,,,,IOT-01-05
871,,2,[기획] D09-설정관리,,,IoT-01-06,키오스크 연결,Z / P,,,,,IOT-01-06
872,,2,[기획] D09-설정관리,,,IoT-01-07,실패 로그,Z / P,,,,,IOT-01-07
873,,2,[기획] D09-설정관리,,,IoT-01-08,외부 연동,Z / P,,,,,IOT-01-08
874,,1,[기획] D11-통합운영,,,IoT-06,키오스크 운영 현황,"Z: 관리 기능 개발
P: API 제공",,,,,IOT-06
875,,2,[기획] D11-통합운영,,,IoT-06-01,요약 카드,Z,,,,,IOT-06-01
876,,2,[기획] D11-통합운영,,,IoT-06-02,키오스크 카드 그리드,Z,,,,,IOT-06-02
877,,2,[기획] D11-통합운영,,,IoT-06-03,장애 알림,Z,,,,,IOT-06-03
878,,2,[기획] D11-통합운영,,,IoT-06-04,운영 안내,Z,,,,,IOT-06-04
879,,2,[기획] D11-통합운영,,,IoT-06-05,운영 시간,Z,,,,,IOT-06-05
880,,2,[기획] D11-통합운영,,,IoT-06-06,외부 연동,Z / P,,,,,IOT-06-06
881,"개발 미진행 항목

* 기획만 진행 / 개발은 추후 개발",,,"개발 미진행 항목

* 기획만 진행 / 개발은 추후 개발",,,,,,,,,
882,,1,[기획] D03-매출관리,,,PAY-06,결제링크 발송 (현장 확정 + 회원 자가 결제),,,,,,PAY-06
883,,2,[기획] D03-매출관리,,,PAY-06-01,회원 정보 영역,,,,,,PAY-06-01
884,,2,[기획] D03-매출관리,,,PAY-06-02,결제 요약 영역,,,,,,PAY-06-02
885,,2,[기획] D03-매출관리,,,PAY-06-03,발송 채널 선택,,,,,,PAY-06-03
886,,2,[기획] D03-매출관리,,,PAY-06-04,만료일시,,,,,,PAY-06-04
887,,2,[기획] D03-매출관리,,,PAY-06-05,내부 메모,,,,,,PAY-06-05
888,,2,[기획] D03-매출관리,,,PAY-06-06,활성 링크 처리,,,,,,PAY-06-06
889,,2,[기획] D03-매출관리,,,PAY-06-07,발송 처리,,,,,,PAY-06-07
890,,2,[기획] D03-매출관리,,,PAY-06-08,발송 결과,,,,,,PAY-06-08
891,,2,[기획] D03-매출관리,,,PAY-06-09,결제링크 회원 측 동작,,,,,,PAY-06-09
892,,1,[기획] D06-시설관리,,,FAC-06,운동복 관리 (대여·반납 + QR 스캔),"Z: 관리 기능 개발
P: API 제공",,,,,FAC-06
893,,2,[기획] D06-시설관리,,,FAC-06-01,현황 요약,,,,,,FAC-06-01
894,,2,[기획] D06-시설관리,,,FAC-06-02,상태 탭,,,,,,FAC-06-02
895,,2,[기획] D06-시설관리,,,FAC-06-03,검색,,,,,,FAC-06-03
896,,2,[기획] D06-시설관리,,,FAC-06-04,목록 테이블,,,,,,FAC-06-04
897,,2,[기획] D06-시설관리,,,FAC-06-05,QR 대여,,,,,,FAC-06-05
898,,2,[기획] D06-시설관리,,,FAC-06-06,QR 반납,,,,,,FAC-06-06
899,,2,[기획] D06-시설관리,,,FAC-06-07,상태 변경,,,,,,FAC-06-07
900,,2,[기획] D06-시설관리,,,FAC-06-08,운동복 등록,,,,,,FAC-06-08
901,,2,[기획] D06-시설관리,,,FAC-06-09,엑셀 다운로드,,,,,,FAC-06-09
902,,1,[기획] D09-설정관리,,,IoT-02,IoT 출입 관리 (출입 장치 + 방식 + 알림),"Z: 관리 기능 개발
P: API 제공",,,,,IOT-02
903,,2,[기획] D09-설정관리,,,IoT-02-01,연결 기기 현황,,,,,,IOT-02-01
904,,2,[기획] D09-설정관리,,,IoT-02-02,새 기기 등록,,,,,,IOT-02-02
905,,2,[기획] D09-설정관리,,,IoT-02-03,출입 방식 설정,,,,,,IOT-02-03
906,,2,[기획] D09-설정관리,,,IoT-02-04,출입 알림,,,,,,IOT-02-04
907,,2,[기획] D09-설정관리,,,IoT-02-05,저장,,,,,,IOT-02-05
908,,2,[기획] D09-설정관리,,,IoT-02-06,출입 이력 조회,,,,,,IOT-02-06
909,,2,[기획] D09-설정관리,,,IoT-02-07,저장·연결 테스트,,,,,,IOT-02-07
910,,2,[기획] D09-설정관리,,,IoT-02-08,외부 연동,,,,,,IOT-02-08
911,,1,[기획] D10-본사관리,,,HQ-11,벤치마크 비교,,,,,,HQ-11
912,,2,[기획] D10-본사관리,,,HQ-11-01,비교 기준 설정,,,,,,HQ-11-01
913,,2,[기획] D10-본사관리,,,HQ-11-02,분석 실행,,,,,,HQ-11-02
914,,2,[기획] D10-본사관리,,,HQ-11-03,비교 막대 차트,,,,,,HQ-11-03
915,,2,[기획] D10-본사관리,,,HQ-11-04,백분위 표시,,,,,,HQ-11-04
916,,2,[기획] D10-본사관리,,,HQ-11-05,인사이트 요약,,,,,,HQ-11-05
917,,2,[기획] D10-본사관리,,,HQ-11-06,내보내기,,,,,,HQ-11-06
918,,1,[기획] D10-본사관리,,,HQ-13,NPS 설문,,,,,,HQ-13
919,,2,[기획] D10-본사관리,,,HQ-13-01,NPS 요약 카드,,,,,,HQ-13-01
920,,2,[기획] D10-본사관리,,,HQ-13-02,NPS 추이 차트,,,,,,HQ-13-02
921,,2,[기획] D10-본사관리,,,HQ-13-03,응답 분포,,,,,,HQ-13-03
922,,2,[기획] D10-본사관리,,,HQ-13-04,응답 목록,,,,,,HQ-13-04
923,,2,[기획] D10-본사관리,,,HQ-13-05,키워드 분석,,,,,,HQ-13-05
924,,2,[기획] D10-본사관리,,,HQ-13-06,기간 필터,,,,,,HQ-13-06
925,,2,[기획] D10-본사관리,,,HQ-13-07,설문 발송 관리,,,,,,HQ-13-07
926,,2,[기획] D10-본사관리,,,HQ-13-08,내보내기,,,,,,HQ-13-08
927,,1,[기획] D03-매출관리,,,SAL-07,매출 예측 (목표 대비 달성률 + 차트),,,,,,SAL-07
928,,2,[기획] D03-매출관리,,,SAL-07-01,요약 지표 카드,,,,,,SAL-07-01
929,,2,[기획] D03-매출관리,,,SAL-07-02,예측 기간 선택,,,,,,SAL-07-02
930,,2,[기획] D03-매출관리,,,SAL-07-03,매출 목표 설정,,,,,,SAL-07-03
931,,2,[기획] D03-매출관리,,,SAL-07-04,매출 예측 차트,,,,,,SAL-07-04
932,,2,[기획] D03-매출관리,,,SAL-07-05,달성률 게이지,,,,,,SAL-07-05
933,,2,[기획] D03-매출관리,,,SAL-07-06,상품별 예측 기여도,,,,,,SAL-07-06
934,,2,[기획] D03-매출관리,,,SAL-07-07,월별 예측 테이블,,,,,,SAL-07-07
935,,2,[기획] D03-매출관리,,,SAL-07-08,데이터 부족 처리,,,,,,SAL-07-08
936,,1,[기획] D04-수업관리,,,CLS-15,수업 녹화 관리 (영상 업로드 + 회원 공유),,,,,,CLS-15
937,,2,[기획] D04-수업관리,,,CLS-15-01,녹화 파일 목록,,,,,,CLS-15-01
938,,2,[기획] D04-수업관리,,,CLS-15-02,파일 업로드,,,,,,CLS-15-02
939,,2,[기획] D04-수업관리,,,CLS-15-03,공유 설정,,,,,,CLS-15-03
940,,2,[기획] D04-수업관리,,,CLS-15-04,미리보기,,,,,,CLS-15-04
941,,2,[기획] D04-수업관리,,,CLS-15-05,다운로드,,,,,,CLS-15-05
942,,2,[기획] D04-수업관리,,,CLS-15-06,파일 삭제,,,,,,CLS-15-06
943,,2,[기획] D04-수업관리,,,CLS-15-07,자동 만료,,,,,,CLS-15-07
944,,2,[기획] D04-수업관리,,,CLS-15-08,회원앱 연동,,,,,,CLS-15-08
945,,1,[기획] D05-상품관리,,,PRD-05,상품 카탈로그 (회원 상담 + 인쇄·공유),,,,,,PRD-05
946,,2,[기획] D05-상품관리,,,PRD-05-01,카탈로그 뷰,,,,,,PRD-05-01
947,,2,[기획] D05-상품관리,,,PRD-05-02,필터 바,,,,,,PRD-05-02
948,,2,[기획] D05-상품관리,,,PRD-05-03,카탈로그 미리보기,,,,,,PRD-05-03
949,,2,[기획] D05-상품관리,,,PRD-05-04,카탈로그 설정,,,,,,PRD-05-04
950,,2,[기획] D05-상품관리,,,PRD-05-05,카탈로그 편집,,,,,,PRD-05-05
951,,2,[기획] D05-상품관리,,,PRD-05-06,인쇄,,,,,,PRD-05-06
952,,2,[기획] D05-상품관리,,,PRD-05-07,공유,,,,,,PRD-05-07
953,,2,[기획] D05-상품관리,,,PRD-05-08,회원앱 동기화,,,,,,PRD-05-08
954,,1,[기획] D05-상품관리,,,PRD-06,상품 비교 (최대 3개 나란히 비교),,,,,,PRD-06
955,,2,[기획] D05-상품관리,,,PRD-06-01,상품 선택,,,,,,PRD-06-01
956,,2,[기획] D05-상품관리,,,PRD-06-02,비교 테이블,,,,,,PRD-06-02
957,,2,[기획] D05-상품관리,,,PRD-06-03,강조 표시,,,,,,PRD-06-03
958,,2,[기획] D05-상품관리,,,PRD-06-04,시뮬레이션,,,,,,PRD-06-04
959,,2,[기획] D05-상품관리,,,PRD-06-05,상품 교체,,,,,,PRD-06-05
960,,2,[기획] D05-상품관리,,,PRD-06-06,상품 삭제,,,,,,PRD-06-06
961,,2,[기획] D05-상품관리,,,PRD-06-07,결제 점프,,,,,,PRD-06-07
962,,2,[기획] D05-상품관리,,,PRD-06-08,공유,,,,,,PRD-06-08
963,,1,[기획] D05-상품관리,,,PRD-07,재고 관리 (실물 상품 입출고 + 재고 조정),,,,,,PRD-07
964,,2,[기획] D05-상품관리,,,PRD-07-01,통계 카드,,,,,,PRD-07-01
965,,2,[기획] D05-상품관리,,,PRD-07-02,필터 / 검색,,,,,,PRD-07-02
966,,2,[기획] D05-상품관리,,,PRD-07-03,재고 현황 테이블,,,,,,PRD-07-03
967,,2,[기획] D05-상품관리,,,PRD-07-04,입고 등록,,,,,,PRD-07-04
968,,2,[기획] D05-상품관리,,,PRD-07-05,출고 등록,,,,,,PRD-07-05
969,,2,[기획] D05-상품관리,,,PRD-07-06,재고 조정,,,,,,PRD-07-06
970,,2,[기획] D05-상품관리,,,PRD-07-07,입출고 이력,,,,,,PRD-07-07
971,,2,[기획] D05-상품관리,,,PRD-07-08,부족 알림,,,,,,PRD-07-08
972,,2,[기획] D05-상품관리,,,PRD-07-09,POS 자동 차감,,,,,,PRD-07-09
973,,1,[기획] D06-시설관리,,,FAC-EXT-02,장비 점검 일정 (정기 점검 + 수리 이력),,,,,,FAC-EXT-02
974,,2,[기획] D06-시설관리,,,FAC-EXT-02-01,현황 요약,,,,,,FAC-EXT-02-01
975,,2,[기획] D06-시설관리,,,FAC-EXT-02-02,장비 목록,,,,,,FAC-EXT-02-02
976,,2,[기획] D06-시설관리,,,FAC-EXT-02-03,장비 등록,,,,,,FAC-EXT-02-03
977,,2,[기획] D06-시설관리,,,FAC-EXT-02-04,점검 등록,,,,,,FAC-EXT-02-04
978,,2,[기획] D06-시설관리,,,FAC-EXT-02-05,수리 접수,,,,,,FAC-EXT-02-05
979,,2,[기획] D06-시설관리,,,FAC-EXT-02-06,자동 알림,,,,,,FAC-EXT-02-06
980,,2,[기획] D06-시설관리,,,FAC-EXT-02-07,점검 이력,,,,,,FAC-EXT-02-07
981,,1,[기획] D06-시설관리,,,FAC-EXT-03,소모품 재고 관리 (입출고 + 발주),,,,,,FAC-EXT-03
982,,2,[기획] D06-시설관리,,,FAC-EXT-03-01,현황 요약,,,,,,FAC-EXT-03-01
983,,2,[기획] D06-시설관리,,,FAC-EXT-03-02,재고 부족 알림,,,,,,FAC-EXT-03-02
984,,2,[기획] D06-시설관리,,,FAC-EXT-03-03,소모품 목록,,,,,,FAC-EXT-03-03
985,,2,[기획] D06-시설관리,,,FAC-EXT-03-04,소모품 등록,,,,,,FAC-EXT-03-04
986,,2,[기획] D06-시설관리,,,FAC-EXT-03-05,입출고 처리,,,,,,FAC-EXT-03-05
987,,2,[기획] D06-시설관리,,,FAC-EXT-03-06,발주 생성,,,,,,FAC-EXT-03-06
988,,2,[기획] D06-시설관리,,,FAC-EXT-03-07,자동 알림,,,,,,FAC-EXT-03-07
989,,1,[기획] D06-시설관리,,,FAC-EXT-04,청소 스케줄 (구역별 담당 + 완료 체크),,,,,,FAC-EXT-04
990,,2,[기획] D06-시설관리,,,FAC-EXT-04-01,오늘 현황,,,,,,FAC-EXT-04-01
991,,2,[기획] D06-시설관리,,,FAC-EXT-04-02,체크리스트,,,,,,FAC-EXT-04-02
992,,2,[기획] D06-시설관리,,,FAC-EXT-04-03,정기 일정,,,,,,FAC-EXT-04-03
993,,2,[기획] D06-시설관리,,,FAC-EXT-04-04,스케줄 등록,,,,,,FAC-EXT-04-04
994,,2,[기획] D06-시설관리,,,FAC-EXT-04-05,완료 처리,,,,,,FAC-EXT-04-05
995,,2,[기획] D06-시설관리,,,FAC-EXT-04-06,이력 조회,,,,,,FAC-EXT-04-06
996,,2,[기획] D06-시설관리,,,FAC-EXT-04-07,미지정 강조,,,,,,FAC-EXT-04-07
997,,1,[기획] D06-시설관리,,,FAC-EXT-05,공간 자산 관리 (룸·타석 통합 운영),,,,,,FAC-EXT-05
998,,2,[기획] D06-시설관리,,,FAC-EXT-05-01,자산 카드 그리드,,,,,,FAC-EXT-05-01
999,,2,[기획] D06-시설관리,,,FAC-EXT-05-02,상태 변경,,,,,,FAC-EXT-05-02
1000,,2,[기획] D06-시설관리,,,FAC-EXT-05-03,예약 현황,,,,,,FAC-EXT-05-03
1001,,2,[기획] D06-시설관리,,,FAC-EXT-05-04,자산 등록,,,,,,FAC-EXT-05-04
1002,,1,[기획] D08-마케팅,,,MKT-06,캠페인 관리 (메시지·쿠폰·이벤트 통합),,,,,,MKT-06
1003,,2,[기획] D08-마케팅,,,MKT-06-01,캠페인 목록,,,,,,MKT-06-01
1004,,2,[기획] D08-마케팅,,,MKT-06-02,캠페인 등록,,,,,,MKT-06-02
1005,,2,[기획] D08-마케팅,,,MKT-06-03,캠페인 수정,,,,,,MKT-06-03
1006,,2,[기획] D08-마케팅,,,MKT-06-04,실적 추적,,,,,,MKT-06-04
1007,,2,[기획] D08-마케팅,,,MKT-06-05,상태 필터,,,,,,MKT-06-05
1008,,2,[기획] D08-마케팅,,,MKT-06-06,캠페인 삭제,,,,,,MKT-06-06
1009,,2,[기획] D08-마케팅,,,MKT-06-07,캠페인 자동 실행,,,,,,MKT-06-07
1010,,1,[기획] D08-마케팅,,,MKT-07,리퍼럴 프로그램 (회원 추천 + 양방향 혜택),,,,,,MKT-07
1011,,2,[기획] D08-마케팅,,,MKT-07-01,이벤트 목록,,,,,,MKT-07-01
1012,,2,[기획] D08-마케팅,,,MKT-07-02,이벤트 등록,,,,,,MKT-07-02
1013,,2,[기획] D08-마케팅,,,MKT-07-03,실적 현황,,,,,,MKT-07-03
1014,,2,[기획] D08-마케팅,,,MKT-07-04,추천 이력,,,,,,MKT-07-04
1015,,2,[기획] D08-마케팅,,,MKT-07-05,이벤트 삭제,,,,,,MKT-07-05
1016,,2,[기획] D08-마케팅,,,MKT-07-06,자동 처리,,,,,,MKT-07-06
1017,,1,[기획] D08-마케팅,,,MKT-09,A/B 테스트 (메시지·쿠폰 비교 실험),,,,,,MKT-09
1018,,2,[기획] D08-마케팅,,,MKT-09-01,테스트 목록,,,,,,MKT-09-01
1019,,2,[기획] D08-마케팅,,,MKT-09-02,테스트 등록,,,,,,MKT-09-02
1020,,2,[기획] D08-마케팅,,,MKT-09-03,테스트 진행,,,,,,MKT-09-03
1021,,2,[기획] D08-마케팅,,,MKT-09-04,결과 비교,,,,,,MKT-09-04
1022,,2,[기획] D08-마케팅,,,MKT-09-05,승리 버전 채택,,,,,,MKT-09-05
1023,,2,[기획] D08-마케팅,,,MKT-09-06,테스트 삭제,,,,,,MKT-09-06
1024,,1,[기획] D09-설정관리,,,SET-05,다국어 설정 (시스템 언어·국가·자동 번역),,,,,,SET-05
1025,,2,[기획] D09-설정관리,,,SET-05-01,시스템 언어,,,,,,SET-05-01
1026,,2,[기획] D09-설정관리,,,SET-05-02,국가·지역,,,,,,SET-05-02
1027,,2,[기획] D09-설정관리,,,SET-05-03,자동 번역,,,,,,SET-05-03
1028,,2,[기획] D09-설정관리,,,SET-05-04,키오스크 미리보기,,,,,,SET-05-04
1029,,2,[기획] D09-설정관리,,,SET-05-05,저장,,,,,,SET-05-05
1030,,2,[기획] D09-설정관리,,,SET-05-06,화면별 번역 매핑,,,,,,SET-05-06
1031,,1,[기획] D10-본사관리,,,HQ-10,커스텀 대시보드 빌더,,,,,,HQ-10
1032,,2,[기획] D10-본사관리,,,HQ-10-01,위젯 라이브러리,,,,,,HQ-10-01
1033,,2,[기획] D10-본사관리,,,HQ-10-02,캔버스 배치,,,,,,HQ-10-02
1034,,2,[기획] D10-본사관리,,,HQ-10-03,위젯 개별 설정,,,,,,HQ-10-03
1035,,2,[기획] D10-본사관리,,,HQ-10-04,레이아웃 옵션,,,,,,HQ-10-04
1036,,2,[기획] D10-본사관리,,,HQ-10-05,레이아웃 저장,,,,,,HQ-10-05
1037,,2,[기획] D10-본사관리,,,HQ-10-06,레이아웃 불러오기,,,,,,HQ-10-06
1038,,2,[기획] D10-본사관리,,,HQ-10-07,기본값 초기화,,,,,,HQ-10-07
1039,,2,[기획] D10-본사관리,,,HQ-10-08,대시보드 반영,,,,,,HQ-10-08
1040,,1,[기획] D10-본사관리,,,HQ-13,NPS 설문,,,,,,HQ-13
1041,,2,[기획] D10-본사관리,,,HQ-13-01,NPS 요약 카드,,,,,,HQ-13-01
1042,,2,[기획] D10-본사관리,,,HQ-13-02,NPS 추이 차트,,,,,,HQ-13-02
1043,,2,[기획] D10-본사관리,,,HQ-13-03,응답 분포,,,,,,HQ-13-03
1044,,2,[기획] D10-본사관리,,,HQ-13-04,응답 목록,,,,,,HQ-13-04
1045,,2,[기획] D10-본사관리,,,HQ-13-05,키워드 분석,,,,,,HQ-13-05
1046,,2,[기획] D10-본사관리,,,HQ-13-06,기간 필터,,,,,,HQ-13-06
1047,,2,[기획] D10-본사관리,,,HQ-13-07,설문 발송 관리,,,,,,HQ-13-07
1048,,2,[기획] D10-본사관리,,,HQ-13-08,내보내기,,,,,,HQ-13-08
1049,,,,,,,,,,,,,
1050,,,,,,,,,,,,,
1051,,,,,,,,,,,,,
1052,,,,,,,,,,,,,
1053,,,,,,,,,,,,,
1054,,,,,,,,,,,,,
1055,,,,,,,,,,,,,
1056,,,,,,,,,,,,,
1057,,,,,,,,,,,,,
1058,,,,,,,,,,,,,
1059,,,,,,,,,,,,,
1060,,,,,,,,,,,,,
1061,,,,,,,,,,,,,
1062,,,,,,,,,,,,,
1063,,,,,,,,,,,,,
1064,,,,,,,,,,,,,
1065,,,,,,,,,,,,,
1066,,,,,,,,,,,,,
1067,,,,,,,,,,,,,
1068,,,,,,,,,,,,,
1069,,,,,,,,,,,,,
1070,,,,,,,,,,,,,
1071,,,,,,,,,,,,,
1072,,,,,,,,,,,,,
1073,,,,,,,,,,,,,
1074,,,,,,,,,,,,,
